<?xml version="1.0" encoding="UTF-8"?>
<hibernate-configuration>
    <session-factory>
        <property name="hibernate.connection.driver_class">com.mysql.cj.jdbc.Driver</property>
        <property name="hibernate.connection.url">jdbc:mysql://localhost:3306/hotel_management</property>
        <property name="hibernate.connection.username">root</property>
        <property name="hibernate.connection.password">Pooja@2003</property>
        <property name="hibernate.dialect">org.hibernate.dialect.MySQL8Dialect</property>
        <property name="hibernate.hbm2ddl.auto">update</property>
        <property name="hibernate.show_sql">true</property>
        <property name="hibernate.format_sql">true</property>
        
        
        <!-- Mapping annotated classes -->
        <mapping class="com.hotel.model.Hotel"/>
        <mapping class="com.hotel.model.Room"/>
        <mapping class="com.hotel.model.Guest"/>
        <mapping class="com.hotel.model.Booking"/>
        <mapping class="com.hotel.model.Payment"/>

    </session-factory>
</hibernate-configuration>

